,Date,Open,High,Low,Close,Adjusted_close,Volume
0,2020-02-06,24.0,25.26,18.55,18.75,18.75,5873277
1,2020-02-07,19.19,21.9,19.0,20.62,20.62,1221500
2,2020-02-10,21.37,22.15,21.1,22.1,22.1,727361
3,2020-02-11,22.15,24.2,21.5,24.1,24.1,764473
4,2020-02-12,24.4,27.6,24.1,27.6,27.6,862078
5,2020-02-13,27.77,31.8,26.65,29.2,29.2,1403653
6,2020-02-14,29.65,30.34,26.25,27.9,27.9,821731
7,2020-02-18,27.88,29.628,27.5,27.8,27.8,289059
8,2020-02-19,27.85,28.7,27.0,28.18,28.18,380876
9,2020-02-20,28.28,28.5,26.77,26.91,26.91,249345
10,2020-02-21,26.76,26.8,24.5,26.09,26.09,397347
11,2020-02-24,24.98,25.45,24.0,24.2,24.2,247678
12,2020-02-25,24.44,24.98,22.5,22.63,22.63,361491
13,2020-02-26,22.73,24.91,22.73,24.45,24.45,239694
14,2020-02-27,23.46,24.09,22.76,22.93,22.93,217006
15,2020-02-28,22.9,22.9,21.5,22.49,22.49,157424
16,2020-03-02,23.1,23.91,22.57,23.02,23.02,365221
17,2020-03-03,23.11,24.63,22.76,23.51,23.51,366078
18,2020-03-04,23.69,24.8091,23.69,24.41,24.41,281497
19,2020-03-05,24.31,24.7925,23.28,23.81,23.81,340811
20,2020-03-06,23.41,23.87,23.4,23.55,23.55,175937
21,2020-03-09,21.97,23.3679,21.5,22.6,22.6,178760
22,2020-03-10,22.56,23.925,21.66,22.5,22.5,346924
23,2020-03-11,22.32,23.77,20.77,21.25,21.25,228706
24,2020-03-12,20.97,21.23,18.05,18.3,18.3,411252
25,2020-03-13,19.7,19.7,16.02,17.38,17.38,347715
26,2020-03-16,16.0,16.445,13.0,13.31,13.31,380895
27,2020-03-17,13.68,15.805,13.5,15.01,15.01,304848
28,2020-03-18,14.44,16.375,14.283,15.21,15.21,171522
29,2020-03-19,15.29,18.39,15.2001,16.86,16.86,279100
30,2020-03-20,17.07,23.095,17.02,19.4,19.4,1920885
31,2020-03-23,19.43,19.885,17.0701,18.01,18.01,363898
32,2020-03-24,18.5,20.11,18.1101,19.16,19.16,222726
33,2020-03-25,19.0,20.47,17.66,19.6,19.6,299791
34,2020-03-26,19.45,20.45,18.635,19.0,19.0,172332
35,2020-03-27,18.67,18.67,17.05,18.05,18.05,95772
36,2020-03-30,18.0,18.32,17.22,18.0,18.0,106180
37,2020-03-31,17.99,19.0027,16.88,18.0,18.0,139598
38,2020-04-01,17.31,17.6,16.0,16.12,16.12,173844
39,2020-04-02,16.12,16.63,15.034,15.26,15.26,129688
40,2020-04-03,15.24,16.47,15.1,16.11,16.11,227172
41,2020-04-06,16.54,17.7473,16.165,16.65,16.65,177498
42,2020-04-07,17.3,17.5,15.55,15.81,15.81,128400
43,2020-04-08,16.04,16.72,15.44,16.7,16.7,145289
44,2020-04-09,16.83,17.1999,16.08,16.62,16.62,179661
45,2020-04-13,16.73,16.73,15.82,16.1,16.1,164839
46,2020-04-14,16.5,17.21,16.19,17.07,17.07,296445
47,2020-04-15,16.8,16.99,15.6665,15.9,15.9,125434
48,2020-04-16,16.23,16.23,15.3434,16.17,16.17,139010
49,2020-04-17,16.63,16.75,15.66,15.98,15.98,190818
50,2020-04-20,15.99,16.94,15.8,16.56,16.56,345397
51,2020-04-21,16.5,16.5,15.68,16.1,16.1,169282
52,2020-04-22,16.38,16.9882,15.82,16.66,16.66,123684
53,2020-04-23,16.81,18.47,16.7,17.74,17.74,213937
54,2020-04-24,17.88,18.458,17.8,18.15,18.15,220844
55,2020-04-27,18.39,18.8978,16.5,16.53,16.53,246711
56,2020-04-28,16.8,17.19,15.66,16.3,16.3,221618
57,2020-04-29,16.74,17.6,16.5,16.89,16.89,195780
58,2020-04-30,16.64,16.8,15.6,15.95,15.95,239896
59,2020-05-01,15.81,15.97,15.01,15.38,15.38,185838
60,2020-05-04,15.08,15.8,14.8,15.76,15.76,128072
61,2020-05-05,16.34,16.72,16.0101,16.49,16.49,179853
62,2020-05-06,16.35,16.55,15.85,16.08,16.08,150827
63,2020-05-07,16.16,17.35,16.04,16.84,16.84,165805
64,2020-05-08,17.05,17.2,16.7,16.89,16.89,80080
65,2020-05-11,16.93,20.8,16.8,20.71,20.71,433338
66,2020-05-12,20.6,21.88,18.81,19.95,19.95,335987
67,2020-05-13,20.03,24.2965,19.62,21.4,21.4,491398
68,2020-05-14,20.88,21.0,19.26,19.51,19.51,271603
69,2020-05-15,19.53,21.9999,19.25,21.41,21.41,211707
70,2020-05-18,22.5,23.79,21.11,21.49,21.49,299122
71,2020-05-19,21.86,24.25,21.86,23.51,23.51,311030
72,2020-05-20,23.95,27.25,23.75,25.58,25.58,365114
73,2020-05-21,26.02,27.22,25.6,26.55,26.55,263462
74,2020-05-22,26.42,26.535,24.52,25.62,25.62,321275
75,2020-05-26,26.4,27.28,22.91,24.32,24.32,286928
76,2020-05-27,24.54,24.78,22.5,24.59,24.59,140460
77,2020-05-28,24.69,26.44,23.88,25.02,25.02,244945
78,2020-05-29,24.99,25.755,23.9553,25.55,25.55,271132
79,2020-06-01,25.6,27.19,24.93,26.18,26.18,227965
80,2020-06-02,26.19,28.27,25.515,28.05,28.05,236420
81,2020-06-03,27.99,28.85,27.06,28.13,28.13,246155
82,2020-06-04,27.9,28.18,26.57,27.28,27.28,225649
83,2020-06-05,27.95,28.11,25.51,25.73,25.73,208961
84,2020-06-08,26.42,28.44,26.15,27.76,27.76,314028
85,2020-06-09,27.49,27.98,26.89,27.78,27.78,128566
86,2020-06-10,27.77,27.96,26.06,26.74,26.74,190372
87,2020-06-11,26.06,26.45,25.05,25.5,25.5,225299
88,2020-06-12,26.24,26.24,24.23,24.94,24.94,239829
89,2020-06-15,24.5,27.36,24.5,26.85,26.85,419603
90,2020-06-16,27.53,27.53,26.5131,27.0,27.0,281813
91,2020-06-17,27.21,27.26,24.11,25.65,25.65,717779
92,2020-06-18,25.47,27.095,25.01,26.6,26.6,628919
93,2020-06-19,26.82,28.1,25.71,27.3,27.3,1179616
94,2020-06-22,26.61,29.94,26.04,28.66,28.66,556382
95,2020-06-23,29.09,30.16,26.02,26.36,26.36,568577
96,2020-06-24,26.52,27.5599,25.77,26.21,26.21,224730
97,2020-06-25,26.2,26.92,25.8501,26.51,26.51,126636
98,2020-06-26,26.5,26.77,24.25,24.95,24.95,343772
99,2020-06-29,26.56,27.6137,25.6478,27.46,27.46,228976
100,2020-06-30,27.32,28.39,26.85,28.0,28.0,236403
101,2020-07-01,28.19,28.93,27.63,28.51,28.51,236995
102,2020-07-02,29.0,29.39,28.02,28.87,28.87,176436
103,2020-07-06,29.35,30.9799,29.15,29.42,29.42,320815
104,2020-07-07,29.32,30.3,28.34,28.61,28.61,181662
105,2020-07-08,28.74,29.62,28.245,29.01,29.01,160684
106,2020-07-09,29.2,31.0,28.425,30.57,30.57,341191
107,2020-07-10,30.7,30.7,26.24,26.73,26.73,470313
108,2020-07-13,27.49,27.8806,25.01,25.03,25.03,271819
109,2020-07-14,25.03,25.935,23.13,25.09,25.09,628029
110,2020-07-15,25.63,26.19,23.57,24.42,24.42,394024
111,2020-07-16,24.48,24.51,23.09,23.74,23.74,388931
112,2020-07-17,23.72,24.24,23.01,23.66,23.66,159628
113,2020-07-20,23.95,24.15,22.51,23.2,23.2,204290
114,2020-07-21,23.35,23.7847,22.22,22.41,22.41,166943
115,2020-07-22,22.34,22.88,22.1,22.52,22.52,128471
116,2020-07-23,22.53,23.19,21.7323,21.91,21.91,161306
117,2020-07-24,21.72,21.8599,20.85,21.16,21.16,122261
118,2020-07-27,21.39,21.91,21.1374,21.51,21.51,231192
119,2020-07-28,21.67,21.724,20.75,20.82,20.82,176904
120,2020-07-29,21.01,21.3792,20.36,20.56,20.56,136415
121,2020-07-30,20.0,20.86,19.9,20.37,20.37,192285
122,2020-07-31,20.5,20.9621,19.055,19.34,19.34,289319
123,2020-08-03,20.7,20.7,18.76,19.005,19.005,701510
124,2020-08-04,19.5,19.7513,18.83,19.41,19.41,610167
125,2020-08-05,20.05,21.48,19.5,21.28,21.28,795287
126,2020-08-06,27.15,27.45,23.0,24.52,24.52,3152827
127,2020-08-07,24.98,24.99,23.08,23.47,23.47,799282
128,2020-08-10,24.49,24.5,23.8574,24.1,24.1,655139
129,2020-08-11,24.25,24.72,23.57,23.62,23.62,438389
130,2020-08-12,24.03,24.48,22.02,22.28,22.28,783681
131,2020-08-13,22.13,22.9,21.9,22.42,22.42,781481
132,2020-08-14,22.35,22.67,21.335,22.48,22.48,537983
133,2020-08-17,22.54,23.19,22.32,22.8,22.8,714557
134,2020-08-18,23.79,25.83,23.5,25.63,25.63,937480
135,2020-08-19,25.26,26.16,24.02,25.16,25.16,801386
136,2020-08-20,24.9,25.55,24.8194,25.34,25.34,255483
137,2020-08-21,25.08,26.48,24.64,26.03,26.03,612974
138,2020-08-24,26.04,27.412,25.28,25.66,25.66,736475
139,2020-08-25,25.5,26.25,25.08,25.84,25.84,479830
140,2020-08-26,25.78,26.21,24.85,25.16,25.16,321370
141,2020-08-27,25.16,25.23,24.3954,24.62,24.62,313542
142,2020-08-28,24.2,24.96,24.02,24.94,24.94,336940
143,2020-08-31,25.23,26.83,25.09,25.11,25.11,569101
144,2020-09-01,25.0,26.5,25.0,26.12,26.12,509033
145,2020-09-02,25.98,26.43,25.31,26.2,26.2,383221
146,2020-09-03,26.17,26.2102,23.5,23.93,23.93,602869
147,2020-09-04,23.75,23.96,21.2424,21.83,21.83,1295106
148,2020-09-08,21.87,23.52,21.8,22.47,22.47,553535
149,2020-09-09,22.96,25.61,22.747,25.16,25.16,439022
150,2020-09-10,25.45,26.75,24.88,25.73,25.73,471417
151,2020-09-11,25.85,26.7,25.18,25.65,25.65,361699
152,2020-09-14,25.96,27.41,25.76,27.26,27.26,604958
153,2020-09-15,27.5,28.36,27.01,27.87,27.87,504423
154,2020-09-16,28.13,29.63,28.13,28.78,28.78,684768
155,2020-09-17,28.4,29.94,28.0,28.39,28.39,643223
156,2020-09-18,28.39,29.915,27.66,29.45,29.45,3838623
157,2020-09-21,28.96,29.785,28.285,29.57,29.57,635521
158,2020-09-22,29.59,29.86,26.25,27.8,27.8,608380
159,2020-09-23,27.71,27.81,25.96,26.09,26.09,302377
160,2020-09-24,25.8,26.815,25.05,26.09,26.09,214753
161,2020-09-25,26.12,26.96,25.9,26.76,26.76,165339
162,2020-09-28,27.06,27.13,26.1,26.88,26.88,226610
163,2020-09-29,24.87,25.25,24.18,24.72,24.72,787778
164,2020-09-30,24.72,25.09,24.05,24.62,24.62,616209
165,2020-10-01,24.35,25.6,22.225,24.44,24.44,2871879
166,2020-10-02,23.98,24.49,22.13,22.24,22.24,824746
167,2020-10-05,22.876,24.1,22.66,23.85,23.85,802090
168,2020-10-06,24.3,27.94,24.3,27.39,27.39,971456
169,2020-10-07,28.28,29.28,27.7,28.67,28.67,567300
170,2020-10-08,29.4,29.4068,28.0,28.5,28.5,374508
171,2020-10-09,28.44,29.94,28.32,29.41,29.41,317380
172,2020-10-12,29.34,29.7,27.5755,28.5,28.5,340774
173,2020-10-13,28.33,29.38,28.248,28.89,28.89,248100
174,2020-10-14,29.06,29.85,28.24,28.33,28.33,277956
175,2020-10-15,27.67,34.38,27.52,32.92,32.92,858577
176,2020-10-16,33.0,34.18,31.94,32.61,32.61,812283
177,2020-10-19,33.34,34.0,31.51,31.88,31.88,317105
178,2020-10-20,32.11,32.555,30.29,30.54,30.54,338637
179,2020-10-21,32.62,33.05,29.43,29.69,29.69,469173
180,2020-10-22,33.69,35.89,32.3,35.51,35.51,1608759
181,2020-10-23,36.188,38.37,34.6,37.89,37.89,1117650
182,2020-10-26,38.32,38.8899,32.97,35.69,35.69,990632
183,2020-10-27,36.21,38.88,36.08,38.28,38.28,626389
184,2020-10-28,36.82,37.3,34.38,36.11,36.11,673517
185,2020-10-29,37.19,37.2,34.605,36.31,36.31,396932
186,2020-10-30,36.19,36.59,33.0,34.17,34.17,721613
187,2020-11-02,34.45,36.31,33.36,34.65,34.65,676368
188,2020-11-03,35.0,35.51,33.22,34.07,34.07,654680
189,2020-11-04,34.94,36.577,34.455,35.21,35.21,457100
190,2020-11-05,35.6,37.35,34.95,36.59,36.59,287916
191,2020-11-06,36.5,36.5,34.7,36.13,36.13,344447
192,2020-11-09,37.11,38.21,36.7,36.93,36.93,438155
193,2020-11-10,36.19,37.77,35.09,37.68,37.68,416146
194,2020-11-11,37.95,41.19,36.7466,37.86,37.86,1115843
195,2020-11-12,37.08,39.72,33.14,34.34,34.34,1123462
196,2020-11-13,35.26,36.5967,35.0,36.42,36.42,425900
197,2020-11-16,36.5,37.2598,35.38,36.88,36.88,435150
198,2020-11-17,37.61,39.0,37.07,38.29,38.29,400553
199,2020-11-18,38.19,39.21,37.3,37.82,37.82,334021
200,2020-11-19,38.49,40.1,38.1025,39.52,39.52,423332
201,2020-11-20,39.41,41.75,38.63,41.63,41.63,595599
202,2020-11-23,42.15,42.9,41.38,42.47,42.47,398351
203,2020-11-24,42.49,42.7,39.71,41.56,41.56,398086
204,2020-11-25,41.37,45.15,41.03,44.69,44.69,599769
205,2020-11-27,44.8,47.84,44.1953,47.66,47.66,645142
206,2020-11-30,48.15,50.24,45.0474,50.0,50.0,731620
207,2020-12-01,51.27,56.49,50.92,54.86,54.86,936811
208,2020-12-02,54.0,57.93,51.45,57.22,57.22,589190
209,2020-12-03,57.33,59.0,56.29,58.48,58.48,410143
210,2020-12-04,58.99,61.11,57.5941,60.06,60.06,773679
211,2020-12-07,61.0,69.11,60.875,67.68,67.68,984645
212,2020-12-08,67.798,76.5,66.58,75.26,75.26,1018482
213,2020-12-09,70.63,74.58,68.89,72.84,72.84,828612
214,2020-12-10,71.79,82.5499,71.021,77.5,77.5,1156815
215,2020-12-11,76.92,78.595,73.26,78.35,78.35,676030
216,2020-12-14,79.21,84.87,78.0,83.91,83.91,853047
217,2020-12-15,85.51,86.45,76.77,77.7,77.7,997401
218,2020-12-16,79.07,79.795,66.154,72.15,72.15,1596423
219,2020-12-17,71.859,73.89,69.0,72.1,72.1,860343
220,2020-12-18,73.2,77.3666,71.5624,72.35,72.35,3280984
221,2020-12-21,71.0,91.94,67.54,89.14,89.14,2004154
222,2020-12-22,100.65,100.65,81.0,88.52,88.52,1410197
223,2020-12-23,88.79,92.22,83.09,90.65,90.65,831872
224,2020-12-24,91.0,91.5699,85.82,87.84,87.84,308588
225,2020-12-28,90.601,96.4,88.2,95.63,95.63,1011291
226,2020-12-29,96.06,98.6558,82.83,88.67,88.67,1224798
227,2020-12-30,89.66,89.68,78.28,82.52,82.52,1505382
228,2020-12-31,83.42,84.32,80.17,81.64,81.64,936198
229,2021-01-04,81.64,84.01,76.62,83.14,83.14,994464
230,2021-01-05,80.21,86.6,80.0,84.07,84.07,703930
231,2021-01-06,81.85,88.71,79.21,85.0,85.0,691489
232,2021-01-07,86.36,98.87,86.36,98.63,98.63,980968
233,2021-01-08,98.5,117.0,98.0757,101.67,101.67,1768778
234,2021-01-11,101.77,101.99,90.46,94.08,94.08,790656
235,2021-01-12,96.44,97.88,92.7784,97.06,97.06,588832
236,2021-01-13,97.1,101.31,96.74,97.94,97.94,660653
237,2021-01-14,97.55,111.42,97.27,111.32,111.32,926269
238,2021-01-15,114.44,122.81,105.85,113.04,113.04,1203130
239,2021-01-19,117.45,119.1,105.6,108.89,108.89,1450104
240,2021-01-20,109.99,111.99,100.295,102.27,102.27,1093998
241,2021-01-21,101.31,102.88,91.0,92.63,92.63,2226784
242,2021-01-22,96.0,100.0,92.68,99.51,99.51,970894
243,2021-01-25,101.27,105.36,98.75,102.5,102.5,789639
244,2021-01-26,102.36,103.29,89.0,89.77,89.77,1400238
245,2021-01-27,90.0,97.51,78.3,92.01,92.01,1764373
246,2021-01-28,92.78,101.65,92.6632,99.89,99.89,1218670
247,2021-01-29,95.24,99.2,93.02,96.43,96.43,849737
248,2021-02-01,99.71,100.01,94.02,98.35,98.35,713887
249,2021-02-02,100.0,100.96,96.38,99.0,99.0,757345
250,2021-02-03,102.73,109.38,98.0201,99.5,99.5,1280336
251,2021-02-04,100.19,105.0,97.07,104.32,104.32,659888
252,2021-02-05,105.77,120.6399,100.62,116.16,116.16,1470884
253,2021-02-08,118.5,126.9,116.33,120.75,120.75,1189561
254,2021-02-09,120.29,122.6248,114.11,115.4,115.4,826289
255,2021-02-10,115.83,118.12,103.08,108.56,108.56,811892
256,2021-02-11,113.25,113.6534,103.17,104.66,104.66,536020
257,2021-02-12,103.83,105.4168,100.35,105.0,105.0,544445
258,2021-02-16,107.6,109.25,101.93,105.25,105.25,789939
259,2021-02-17,104.5,106.96,99.0,106.45,106.45,1021173
260,2021-02-18,102.18,105.01,99.01,103.3,103.3,1009346
261,2021-02-19,102.86,113.95,102.24,106.91,106.91,1235638
262,2021-02-22,104.36,119.23,103.0001,110.41,110.41,1020607
263,2021-02-23,102.31,103.32,82.59,96.48,96.48,2695387
264,2021-02-24,96.3,101.85,92.21,97.03,97.03,1315661
265,2021-02-25,97.4,99.45,86.94,88.52,88.52,1659359
266,2021-02-26,90.0,92.98,84.13,89.13,89.13,1247734
267,2021-03-01,92.536,97.33,89.75,95.58,95.58,663595
268,2021-03-02,95.58,98.0,92.25,92.3,92.3,720904
269,2021-03-03,89.92,92.0,83.52,83.76,83.76,1476876
270,2021-03-04,83.0,85.63,69.09,73.49,73.49,2384609
271,2021-03-05,74.9,75.49,62.87,72.6,72.6,2270641
272,2021-03-08,72.01,79.3,70.59,71.28,71.28,1425003
273,2021-03-09,75.31,86.75,75.31,84.02,84.02,1365191
274,2021-03-10,87.68,90.39,82.65,84.32,84.32,1172571
275,2021-03-11,88.21,95.62,88.21,94.66,94.66,1167085
276,2021-03-12,91.13,98.65,89.4161,98.42,98.42,936172
277,2021-03-15,98.26,100.0,93.38,94.82,94.82,756770
278,2021-03-16,95.11,97.49,90.37,94.13,94.13,747380
279,2021-03-17,90.16,98.58,87.66,97.8,97.8,739214
280,2021-03-18,93.85,95.59,88.57,88.86,88.86,1119500
281,2021-03-19,88.48,94.49,88.48,92.89,92.89,1228276
282,2021-03-22,94.66,97.14,91.76,94.76,94.76,688874
283,2021-03-23,93.03,93.81,87.52,88.37,88.37,870058
284,2021-03-24,89.15,90.7809,80.51,80.85,80.85,857863
285,2021-03-25,79.0,85.94,78.11,83.34,83.34,1065741
286,2021-03-26,84.167,85.49,77.675,81.33,81.33,789599
287,2021-03-29,80.5,81.4627,73.53,74.59,74.59,1222964
288,2021-03-30,73.44,76.15,70.76,75.76,75.76,1748620
289,2021-03-31,79.6,82.67,77.64,80.04,80.04,1778223
290,2021-04-01,81.71,86.74,79.33,79.74,79.74,831972
291,2021-04-05,81.41,83.745,78.88,80.6,80.6,659273
292,2021-04-06,80.0,82.11,76.1,76.84,76.84,936332
293,2021-04-07,76.35,79.31,73.59,74.37,74.37,695202
294,2021-04-08,75.66,78.27,73.44,74.82,74.82,679225
295,2021-04-09,73.46,73.61,68.6,70.23,70.23,1144258
296,2021-04-12,70.28,70.32,66.27,68.82,68.82,1401662
297,2021-04-13,69.26,74.96,69.1914,74.8,74.8,1097568
298,2021-04-14,72.48,79.98,72.48,76.45,76.45,1060373
299,2021-04-15,79.28,79.3,72.78,73.78,73.78,787635
300,2021-04-16,73.26,74.34,70.78,72.69,72.69,588799
301,2021-04-19,70.7,74.4999,69.79,70.89,70.89,793751
302,2021-04-20,70.35,73.315,67.2401,71.06,71.06,780978
303,2021-04-21,68.0,75.25,67.4,74.21,74.21,831850
304,2021-04-22,74.34,75.01,72.05,74.51,74.51,1000109
305,2021-04-23,74.84,77.07,74.5,76.77,76.77,696063
306,2021-04-26,77.0,82.6,76.8,81.86,81.86,653450
307,2021-04-27,82.42,83.75,80.43,81.56,81.56,558509
308,2021-04-28,80.5,83.47,79.0,81.95,81.95,454505
309,2021-04-29,82.26,82.79,76.38,78.1,78.1,503722
310,2021-04-30,80.25,84.33,79.44,82.0,82.0,768673
311,2021-05-03,82.95,83.16,74.46,75.19,75.19,808915
312,2021-05-04,73.7,75.13,70.3,72.75,72.75,862216
313,2021-05-05,73.4,77.31,71.43,73.1,73.1,622614
314,2021-05-06,72.33,72.81,66.21,70.11,70.11,1182586
315,2021-05-07,72.48,75.555,70.1,70.82,70.82,515312
316,2021-05-10,70.0,70.01,63.7,64.12,64.12,1654353
317,2021-05-11,57.389,71.02,56.34,66.2,66.2,2292568
318,2021-05-12,64.26,71.1799,64.0048,66.88,66.88,1269076
319,2021-05-13,67.9,72.1,64.0,66.14,66.14,981342
320,2021-05-14,66.794,72.86,66.01,71.92,71.92,805142
321,2021-05-17,70.63,72.86,66.83,69.15,69.15,642396
322,2021-05-18,69.63,77.68,68.15,73.26,73.26,819469
323,2021-05-19,68.0335,72.53,68.0,70.56,70.56,717239
324,2021-05-20,72.68,75.49,71.23,71.72,71.72,629232
325,2021-05-21,73.03,75.8699,71.89,72.62,72.62,526736
326,2021-05-24,73.34,76.79,72.25,74.28,74.28,442754
327,2021-05-25,75.1,78.2,73.0648,75.6,75.6,683207
328,2021-05-26,75.87,80.0,73.51,79.67,79.67,787855
329,2021-05-27,79.61,79.99,75.5,79.89,79.89,929327
330,2021-05-28,80.0,86.0,77.93,78.23,78.23,896279
331,2021-06-01,78.75,80.27,74.29,77.74,77.74,565863
332,2021-06-02,75.2,79.7,74.8,79.63,79.63,525172
333,2021-06-03,78.8,81.25,75.88,79.78,79.78,681364
334,2021-06-04,80.5,84.45,80.5,82.61,82.61,567543
335,2021-06-07,83.39,86.51,82.33,85.39,85.39,704820
336,2021-06-08,86.9,88.66,80.72,85.6,85.6,537907
337,2021-06-09,86.7,87.97,84.6081,85.8,85.8,460444
338,2021-06-10,84.95,88.27,84.0801,87.91,87.91,389346
339,2021-06-11,89.21,91.15,86.788,88.76,88.76,397842
340,2021-06-14,89.46,92.75,88.6137,91.96,91.96,493430
341,2021-06-15,90.38,92.48,86.67,88.46,88.46,418833
342,2021-06-16,86.19,86.48,79.51,83.46,83.46,721078
343,2021-06-17,82.54,86.2344,82.25,85.0,85.0,601990
344,2021-06-18,84.21,85.99,82.62,85.0,85.0,855789
345,2021-06-21,84.98,88.215,82.5544,85.92,85.92,614815
346,2021-06-22,85.16,86.9,83.52,85.99,85.99,505476
347,2021-06-23,85.82,87.62,85.68,86.11,86.11,720320
348,2021-06-24,87.0,94.5977,86.42,94.0,94.0,1198863
349,2021-06-25,94.47,94.6,92.18,93.85,93.85,1384338
350,2021-06-28,110.497,113.24,103.72,108.85,108.85,2802746
351,2021-06-29,109.53,112.1,106.0337,110.79,110.79,1636287
352,2021-06-30,110.78,134.556,108.66,128.71,128.71,3895657
353,2021-07-01,129.46,136.79,123.436,133.6,133.6,1570093
354,2021-07-02,132.88,138.5219,128.675,130.21,130.21,1137887
355,2021-07-06,129.38,129.5,112.7,112.97,112.97,1460288
356,2021-07-07,112.99,113.245,97.57,98.14,98.14,1738431
357,2021-07-08,95.46,101.89,92.64,98.05,98.05,1237468
358,2021-07-09,100.64,103.4605,93.19,100.99,100.99,913933
359,2021-07-12,100.51,102.79,95.97,98.39,98.39,417898
360,2021-07-13,98.16,98.21,90.32,90.69,90.69,892773
361,2021-07-14,92.2888,92.2888,85.48,85.72,85.72,755028
362,2021-07-15,85.1,89.949,82.6151,85.55,85.55,633063
363,2021-07-16,86.3,91.07,85.01,88.01,88.01,540347
364,2021-07-19,85.21,92.25,84.6801,90.28,90.28,575461
365,2021-07-20,90.41,95.1,89.99,94.87,94.87,645794
366,2021-07-21,95.4,99.38,93.5,98.56,98.56,450032
367,2021-07-22,99.43,101.225,94.2,95.17,95.17,423843
368,2021-07-23,94.74,95.89,90.25,92.36,92.36,470391
369,2021-07-26,92.16,93.77,88.55,89.46,89.46,448784
370,2021-07-27,89.46,91.22,82.37,84.37,84.37,803828
371,2021-07-28,84.49,89.0,84.48,88.61,88.61,442446
372,2021-07-29,89.63,92.96,88.11,90.37,90.37,481292
373,2021-07-30,89.75,93.8799,89.3285,92.0,92.0,475175
374,2021-08-02,92.86,92.95,89.62,90.6,90.6,497598
375,2021-08-03,90.66,92.5,87.63,92.31,92.31,467624
376,2021-08-04,93.0,97.975,91.024,95.57,95.57,452133
377,2021-08-05,97.74,111.03,96.5,110.66,110.66,1298510
378,2021-08-06,109.19,109.99,102.1001,108.39,108.39,982066
379,2021-08-09,109.22,110.68,102.34,106.96,106.96,713961
380,2021-08-10,108.0,108.0391,99.39,104.28,104.28,739716
381,2021-08-11,106.12,108.4,101.4,108.0,108.0,583400
382,2021-08-12,107.56,111.61,103.0501,105.68,105.68,499022
383,2021-08-13,105.89,106.5,100.21,101.02,101.02,743642
384,2021-08-16,99.27,103.42,94.28,101.94,101.94,823832
385,2021-08-17,100.24,102.59,97.01,102.09,102.09,622870
386,2021-08-18,102.71,104.9499,99.01,101.5,101.5,311697
387,2021-08-19,99.7,102.22,95.81,97.78,97.78,478812
388,2021-08-20,96.68,102.65,96.68,101.95,101.95,440759
389,2021-08-23,105.0,109.5899,103.99,106.48,106.48,727006
390,2021-08-24,107.2,108.315,103.15,107.35,107.35,432892
391,2021-08-25,107.56,108.4,102.0,102.01,102.01,446980
392,2021-08-26,101.9,105.0,99.93,101.58,101.58,434034
393,2021-08-27,102.43,109.47,101.0,106.58,106.58,630428
394,2021-08-30,108.015,108.83,103.75,106.89,106.89,641641
395,2021-08-31,107.45,112.0,106.06,110.92,110.92,845576
396,2021-09-01,110.36,113.78,109.1,112.2,112.2,645108
397,2021-09-02,113.2,114.62,110.67,114.07,114.07,767569
398,2021-09-03,113.4826,116.5,110.5353,112.52,112.52,640798
399,2021-09-07,112.38,116.91,112.38,113.4,113.4,597033
400,2021-09-08,112.87,113.36,104.55,104.76,104.76,584153
401,2021-09-09,105.36,110.9238,105.25,108.0,108.0,548277
402,2021-09-10,109.89,110.45,106.06,108.94,108.94,528655
403,2021-09-13,108.66,109.825,100.02,101.23,101.23,873745
404,2021-09-14,100.49,104.98,98.1,99.88,99.88,772768
405,2021-09-15,99.13,102.82,99.13,102.11,102.11,798969
406,2021-09-16,102.33,103.27,100.12,102.07,102.07,644537
407,2021-09-17,102.37,103.73,96.165,102.91,102.91,2191295
408,2021-09-20,98.64,99.92,92.445,95.31,95.31,1166230
409,2021-09-21,96.52,98.6725,94.39,94.96,94.96,700103
410,2021-09-22,95.36,98.1,94.08,95.47,95.47,441709
411,2021-09-23,96.2,98.31,94.59,98.13,98.13,353101
412,2021-09-24,97.83,100.0,92.83,94.67,94.67,546070
413,2021-09-27,94.28,95.99,91.03,94.84,94.84,610201
414,2021-09-28,93.65,95.21,89.71,91.1,91.1,733051
415,2021-09-29,91.475,92.48,86.65,87.24,87.24,766404
416,2021-09-30,87.99,89.67,86.94,87.01,87.01,712227
417,2021-10-01,87.01,87.28,84.13,86.38,86.38,822367
418,2021-10-04,85.38,85.38,80.79,83.0,83.0,1021293
419,2021-10-05,84.28,86.46,83.17,85.61,85.61,720273
420,2021-10-06,83.35,85.6707,82.3,83.89,83.89,739348
421,2021-10-07,85.0,87.4,84.4901,84.96,84.96,554245
422,2021-10-08,85.286,86.16,83.01,83.57,83.57,973710
423,2021-10-11,82.56,87.03,81.5,86.56,86.56,657368
424,2021-10-12,88.06,91.0,87.28,87.86,87.86,483946
425,2021-10-13,88.313,89.77,86.85,88.99,88.99,450807
426,2021-10-14,91.14,95.0,90.64,94.28,94.28,471898
427,2021-10-15,95.76,95.76,92.26,93.14,93.14,360385
428,2021-10-18,92.25,93.4,90.2974,90.71,90.71,335130
429,2021-10-19,92.84,96.37,91.02,94.35,94.35,337207
430,2021-10-20,95.34,96.51,93.39,94.11,94.11,204405
431,2021-10-21,94.65,97.5,94.2,94.97,94.97,346586
432,2021-10-22,94.24,95.91,91.4555,93.74,93.74,283917
433,2021-10-25,94.05,96.79,92.3,96.09,96.09,299071
434,2021-10-26,96.88,97.98,93.61,94.5,94.5,484864
435,2021-10-27,94.5,95.5,91.62,91.79,91.79,280563
436,2021-10-28,92.36,95.18,90.32,94.26,94.26,308769
437,2021-10-29,94.26,94.7,88.18,88.77,88.77,381155
438,2021-11-01,89.49,94.87,88.19,94.5,94.5,536411
439,2021-11-02,94.77,96.9,92.55,96.7,96.7,344093
440,2021-11-03,96.99,96.99,91.645,94.7,94.7,506294
441,2021-11-04,96.09,97.49,93.13,93.46,93.46,499121
442,2021-11-05,92.92,93.14,86.75,89.53,89.53,632982
443,2021-11-08,91.58,99.43,90.03,99.06,99.06,773088
444,2021-11-09,99.05,100.06,95.06,97.7,97.7,527171
445,2021-11-10,96.44,97.7,88.4204,91.1,91.1,623683
446,2021-11-11,92.06,95.46,91.925,93.38,93.38,300631
447,2021-11-12,93.66,94.82,90.0,92.11,92.11,277160
448,2021-11-15,92.54,92.82,85.4,86.44,86.44,505051
449,2021-11-16,86.27,91.535,85.5,90.0,90.0,393803
450,2021-11-17,89.5,90.64,86.92,88.92,88.92,552394
451,2021-11-18,90.88,91.76,87.78,89.69,89.69,488733
452,2021-11-19,89.44,90.94,88.96,89.71,89.71,571343
453,2021-11-22,89.9,90.445,81.4,81.74,81.74,1094175
454,2021-11-23,81.28,83.21,78.77,82.64,82.64,618484
455,2021-11-24,82.25,83.73,79.54,81.91,81.91,778279
456,2021-11-26,80.0,82.81,77.86,78.69,78.69,461283
457,2021-11-29,80.22,81.0353,76.02,76.82,76.82,769110
458,2021-11-30,76.5,80.48,75.34,79.15,79.15,786165
459,2021-12-01,79.39,80.69,72.63,72.68,72.68,628306
460,2021-12-02,72.37,74.8,69.29,72.56,72.56,724864
461,2021-12-03,72.55,74.63,66.1,68.02,68.02,1081058
462,2021-12-06,67.9,71.3,65.02,68.93,68.93,813844
463,2021-12-07,71.92,80.365,71.6556,78.66,78.66,814519
464,2021-12-08,78.97,81.04,74.09,79.33,79.33,445898
465,2021-12-09,79.26,79.49,73.1346,73.59,73.59,429473
466,2021-12-10,75.72,79.72,72.6,73.7,73.7,420650
467,2021-12-13,75.61,78.76,73.3529,76.79,76.79,757044
468,2021-12-14,73.82,77.33,71.9747,75.32,75.32,722851
469,2021-12-15,75.82,80.83,72.52,80.53,80.53,817261
470,2021-12-16,81.3,83.78,73.69,74.89,74.89,688060
471,2021-12-17,73.61,85.79,71.695,84.58,84.58,2025407
472,2021-12-20,82.52,85.75,79.26,83.29,83.29,593023
473,2021-12-21,84.85,87.0,82.5,86.35,86.35,441103
474,2021-12-22,85.2,88.18,83.55,85.73,85.73,319855
475,2021-12-23,86.5,87.8,83.51,86.5,86.5,293615
476,2021-12-27,84.385,85.51,80.06,80.2,80.2,473185
477,2021-12-28,80.42,83.9,78.03,78.5,78.5,400159
478,2021-12-29,78.59,80.0,77.52,79.03,79.03,324036
479,2021-12-30,79.03,84.95,78.4247,81.63,81.63,319311
480,2021-12-31,82.3,86.36,79.2,79.69,79.69,283139
481,2022-01-03,79.75,82.54,76.5,82.16,82.16,526052
482,2022-01-04,81.99,82.62,74.29,78.31,78.31,603676
483,2022-01-05,76.35,81.1,70.74,71.57,71.57,846883
484,2022-01-06,71.75,75.28,69.0279,70.91,70.91,784459
485,2022-01-07,67.49,76.88,67.465,70.36,70.36,719735
486,2022-01-10,70.5,71.04,64.76,68.46,68.46,1805135
487,2022-01-11,68.66,77.3,66.5,75.68,75.68,1143488
488,2022-01-12,76.25,78.67,69.18,70.24,70.24,1031557
489,2022-01-13,70.62,73.3941,65.0,66.13,66.13,1288113
490,2022-01-14,65.18,68.63,63.64,67.82,67.82,1003182
491,2022-01-18,66.0,67.84,62.07,62.15,62.15,1172881
492,2022-01-19,63.39,66.585,61.3,62.37,62.37,1292247
493,2022-01-20,63.94,69.92,62.42,62.84,62.84,1094759
494,2022-01-21,62.321,67.7,62.0,62.86,62.86,1566772
495,2022-01-24,60.52,68.58,56.58,67.99,67.99,2260524
496,2022-01-25,65.06,69.5,62.5,66.61,66.61,1254926
497,2022-01-26,68.85,73.73,64.11,64.97,64.97,1596903
498,2022-01-27,67.0,67.63,59.27,59.69,59.69,1383094
499,2022-01-28,59.36,64.31,57.2,64.11,64.11,1302813
500,2022-01-31,64.5,69.24,63.26,69.21,69.21,809779
501,2022-02-01,70.41,72.4,65.51,69.16,69.16,1017410
502,2022-02-02,69.88,69.97,61.91,62.7,62.7,1134923
503,2022-02-03,60.95,64.12,60.1,60.27,60.27,794509
504,2022-02-04,60.22,62.99,57.32,61.33,61.33,836756
505,2022-02-07,61.11,66.5,60.82,63.14,63.14,680572
506,2022-02-08,62.43,63.935,60.21,62.86,62.86,615038
507,2022-02-09,64.33,68.64,64.33,68.4,68.4,875243
508,2022-02-10,65.74,71.55,63.11,64.6,64.6,1291446
509,2022-02-11,64.83,68.23,62.04,63.21,63.21,663498
510,2022-02-14,63.21,69.46,61.78,67.73,67.73,1435121
511,2022-02-15,69.41,74.67,69.41,73.87,73.87,1152955
512,2022-02-16,72.48,74.68,71.0,73.58,73.58,562352
513,2022-02-17,72.32,72.99,68.21,69.02,69.02,663645
514,2022-02-18,69.34,70.85,66.4301,67.02,67.02,613455
515,2022-02-22,65.54,69.17,64.31,65.14,65.14,598786
516,2022-02-23,66.53,67.5,63.25,63.61,63.61,612809
517,2022-02-24,61.19,71.03,60.75,70.36,70.36,1033308
518,2022-02-25,70.62,74.8,68.11,74.75,74.75,951640
519,2022-02-28,73.85,79.74,72.8897,78.35,78.35,1116451
520,2022-03-01,77.78,80.0,70.4059,73.5,73.5,1009929
521,2022-03-02,74.07,74.51,69.04,74.2,74.2,902910
522,2022-03-03,75.11,75.7,66.775,67.8,67.8,785413
523,2022-03-04,67.37,69.36,63.85,64.05,64.05,1044494
524,2022-03-07,64.38,66.36,61.56,62.81,62.81,1089652
525,2022-03-08,62.06,65.42,59.5801,62.47,62.47,1238747
526,2022-03-09,64.53,66.27,64.0,65.11,65.11,1137152
527,2022-03-10,63.62,66.29,61.53,65.72,65.72,528662
528,2022-03-11,66.48,67.99,60.51,60.91,60.91,719829
529,2022-03-14,60.23,60.49,53.17,53.73,53.73,1670963
530,2022-03-15,55.01,57.0,52.78,55.24,55.24,749949
531,2022-03-16,57.19,62.46,55.76,59.84,59.84,1508350
532,2022-03-17,59.0,62.33,57.8,62.29,62.29,724554
533,2022-03-18,61.93,65.87,61.24,63.11,63.11,1119135
534,2022-03-21,62.95,63.5,58.06,59.13,59.13,748091
535,2022-03-22,59.5,62.22,59.25,61.68,61.68,1068535
536,2022-03-23,60.84,60.995,56.65,56.78,56.78,1130194
537,2022-03-24,57.79,58.92,53.88,58.68,58.68,921057
538,2022-03-25,58.67,60.08,56.58,58.03,58.03,896897
539,2022-03-28,58.05,60.2,56.77,59.06,59.06,841219
540,2022-03-29,60.4,64.08,60.11,62.03,62.03,1659856
541,2022-03-30,61.61,63.79,59.21,59.45,59.45,818233
542,2022-03-31,59.95,60.8699,56.98,57.3,57.3,949026
543,2022-04-01,58.06,60.75,57.42,59.95,59.95,997727
544,2022-04-04,61.0,62.84,59.21,62.36,62.36,1173301
545,2022-04-05,61.77,63.48,56.31,56.45,56.45,1132849
546,2022-04-06,55.23,55.71,52.66,54.8,54.8,1411659
547,2022-04-07,54.2,55.965,52.4,53.37,53.37,1227217
548,2022-04-08,53.07,54.05,50.6,51.77,51.77,978099
549,2022-04-11,50.75,51.16,47.18,49.01,49.01,1204629
550,2022-04-12,50.1,52.01,48.93,50.07,50.07,870115
551,2022-04-13,50.1,51.92,49.43,51.52,51.52,865369
552,2022-04-14,51.16,51.46,46.4,46.4,46.4,1384647
553,2022-04-18,46.29,46.68,43.11,43.98,43.98,1490484
554,2022-04-19,44.0,45.91,43.72,44.7,44.7,1133356
555,2022-04-20,44.73,44.88,42.55,43.77,43.77,923500
556,2022-04-21,44.51,46.31,41.52,42.1,42.1,1293518
557,2022-04-22,41.96,43.6,41.49,42.14,42.14,990240
558,2022-04-25,42.0,44.53,41.85,44.23,44.23,1035006
559,2022-04-26,43.6,44.7,39.99,40.17,40.17,1201782
560,2022-04-27,40.22,41.43,39.265,39.83,39.83,1200920
561,2022-04-28,39.88,40.96,36.305,39.57,39.57,1503240
562,2022-04-29,39.31,41.42,37.315,37.53,37.53,787263
563,2022-05-02,37.38,40.96,36.36,40.78,40.78,1072235
564,2022-05-03,40.88,42.39,39.19,40.03,40.03,857854
565,2022-05-04,40.1,44.36,37.75,43.19,43.19,1541647
566,2022-05-05,41.52,42.18,36.2,37.02,37.02,1494057
567,2022-05-06,36.62,37.15,33.89,35.68,35.68,1748285
568,2022-05-09,34.34,36.71,32.9,33.29,33.29,1917499
569,2022-05-10,35.94,39.97,32.57,35.78,35.78,2554497
570,2022-05-11,34.21,35.49,29.54,29.96,29.96,2388730
571,2022-05-12,28.86,33.34,27.77,31.44,31.44,2422194
572,2022-05-13,33.11,37.08,32.86,35.45,35.45,2070386
573,2022-05-16,34.71,36.81,32.13,32.54,32.54,1554500
574,2022-05-17,34.08,34.97,32.6,34.07,34.07,1149300
575,2022-05-18,32.51,34.06,31.21,32.03,32.03,1327500
576,2022-05-19,31.84,35.14,31.84,33.94,33.94,1324100
577,2022-05-20,34.58,35.86,31.58,35.19,35.19,1198400
578,2022-05-23,35.14,37.14,34.6,34.99,34.99,962800
579,2022-05-24,33.97,34.02,30.735,31.44,31.44,1239700
580,2022-05-25,31.23,33.02,30.41,31.97,31.97,1017400
581,2022-05-26,32.11,33.89,31.71,32.56,32.56,1441500
582,2022-05-27,32.91,36.1,32.15,36.07,36.07,1113400
583,2022-05-31,35.44,36.52,33.46,35.18,35.18,1795300
584,2022-06-01,35.4,36.79,32.83,34.03,34.03,979700
585,2022-06-02,34.28,37.9,33.46,36.85,36.85,1132800
586,2022-06-03,35.4,37.64,35.3,37.28,37.28,904200
587,2022-06-06,38.67,39.39,35.13,35.89,35.89,1023500
588,2022-06-07,35.27,38.62,35.0,38.52,38.52,859300
589,2022-06-08,38.07,41.42,37.78,40.18,40.18,832800
590,2022-06-09,39.5,40.05,37.74,37.795,37.795,674600
591,2022-06-10,35.97,36.39,32.52,33.08,33.08,1236500
592,2022-06-13,31.22,31.61,28.04,29.86,29.86,2029200
593,2022-06-14,30.09,30.93,28.57,30.83,30.83,1326100
594,2022-06-15,31.24,33.05,30.7,31.95,31.95,1641000
595,2022-06-16,30.38,32.565,29.52,32.23,32.23,1484200
596,2022-06-17,33.11,36.94,32.95,35.77,35.77,3677700
597,2022-06-21,36.82,39.61,36.82,38.05,38.05,1581300
598,2022-06-22,35.0,39.99,34.47,39.13,39.13,1558400
599,2022-06-23,39.34,41.83,38.3,41.57,41.57,1259100
600,2022-06-24,42.65,43.83,39.73,42.51,42.51,2778000
601,2022-06-27,42.81,44.07,39.87,43.09,43.09,1058100
602,2022-06-28,43.06,43.1,39.9,40.4,40.4,1166500
603,2022-06-29,40.46,41.2,38.72,40.42,40.42,1264900
604,2022-06-30,39.69,40.17,38.2,38.71,38.71,969700
605,2022-07-01,39.0,40.13,38.29,39.79,39.79,1106000
606,2022-07-05,39.78,46.57,38.96,46.49,46.49,1826300
607,2022-07-06,46.44,49.06,44.825,45.56,45.56,1288800
608,2022-07-07,45.44,51.83,45.252,51.67,51.67,1410100
609,2022-07-08,50.1,53.57,49.55,52.01,52.01,947200
610,2022-07-11,51.67,52.63,49.9,50.45,50.45,1516300
611,2022-07-12,50.75,53.38,47.26,52.88,52.88,1618600
612,2022-07-13,50.19,57.69,50.19,55.59,55.59,1685400
613,2022-07-14,55.0,57.33,53.99,56.12,56.12,1018700
614,2022-07-15,57.1,57.88,53.68,57.62,57.62,924700
615,2022-07-18,59.4,60.88,57.385,58.01,58.01,1234400
616,2022-07-19,58.89,64.97,58.2,64.61,64.61,1575900
617,2022-07-20,64.8,70.49,64.61,67.91,67.91,1826200
618,2022-07-21,67.91,69.97,67.28,68.48,68.48,898900
619,2022-07-22,68.6,68.86,62.59,62.88,62.88,1175100
620,2022-07-25,62.83,64.44,59.77,63.97,63.97,671100
621,2022-07-26,63.8,67.17,61.82,64.14,64.14,837600
622,2022-07-27,65.48,68.29,63.36,67.81,67.81,720700
623,2022-07-28,67.78,69.13,64.0,65.68,65.68,693800
624,2022-07-29,64.49,64.73,61.63,62.98,62.98,736000
625,2022-08-01,57.39,62.15,56.55,58.84,58.84,1585500
626,2022-08-02,58.61,61.14,58.14,59.14,59.14,801600
627,2022-08-03,60.845,65.47,60.845,63.01,63.01,1019600
628,2022-08-04,63.01,64.63,58.99,62.88,62.88,1097400
629,2022-08-05,60.56,63.91,58.86,63.43,63.43,1112100
630,2022-08-08,64.8,65.47,61.32,63.69,63.69,1085400
631,2022-08-09,61.72,62.16,58.25,60.96,60.96,1698300
632,2022-08-10,64.09,67.0,62.301,65.73,65.73,1899700
633,2022-08-11,66.59,73.27,65.52,66.09,66.09,2632600
634,2022-08-12,66.76,69.97,65.98,69.08,69.08,1559500
635,2022-08-15,68.31,70.98,66.57,70.31,70.31,1357300
636,2022-08-16,69.3,69.97,62.77,63.56,63.56,1444400
637,2022-08-17,61.74,62.69,58.91,59.56,59.56,1491600
638,2022-08-18,59.16,59.56,55.95,57.58,57.58,1578100
639,2022-08-19,55.65,56.19,52.79,53.29,53.29,1221600
640,2022-08-22,52.0,53.04,49.68,51.41,51.41,1247500
641,2022-08-23,51.87,54.87,50.8,54.24,54.24,1203000
642,2022-08-24,54.24,60.38,53.06,59.84,59.84,1347400
643,2022-08-25,60.65,62.31,59.78,62.15,62.15,1374200
644,2022-08-26,62.21,62.21,56.16,56.26,56.26,1469900
645,2022-08-29,54.99,56.77,54.21,55.04,55.04,915300
646,2022-08-30,55.84,56.0,52.47,54.38,54.38,1095200
647,2022-08-31,55.75,55.99,53.48,54.6,54.6,846600
648,2022-09-01,53.61,55.66,52.0,55.58,55.58,903800
649,2022-09-02,56.44,57.36,52.45,52.68,52.68,1035900
650,2022-09-06,52.55,54.43,50.58,52.93,52.93,794300
651,2022-09-07,53.06,56.48,53.06,55.81,55.81,795600
652,2022-09-08,54.44,58.38,54.44,57.07,57.07,816200
653,2022-09-09,57.43,58.38,56.8,57.51,57.51,747800
654,2022-09-12,57.81,59.15,55.7,57.58,57.58,872900
655,2022-09-13,53.51,54.72,52.445,53.33,53.33,1327900
656,2022-09-14,53.93,57.0,52.56,56.83,56.83,882800
657,2022-09-15,56.41,61.4,56.41,60.49,60.49,1692800
658,2022-09-16,58.86,58.86,54.17,56.12,56.12,2519100
659,2022-09-19,55.27,55.7,52.63,53.79,53.79,1112900
660,2022-09-20,53.13,55.0,52.79,53.48,53.48,668100
661,2022-09-21,53.73,55.85,51.59,51.62,51.62,843500
662,2022-09-22,50.78,51.05,47.36,48.15,48.15,1198100
663,2022-09-23,47.27,48.61,45.89,47.09,47.09,1042500
664,2022-09-26,47.05,49.641,46.38,46.56,46.56,778800
665,2022-09-27,48.59,49.75,47.21,48.41,48.41,831400
666,2022-09-28,49.27,51.85,47.91,51.02,51.02,1393300
667,2022-09-29,50.23,50.469,46.38,47.5,47.5,1451800
668,2022-09-30,47.19,50.955,47.19,47.64,47.64,1007100
669,2022-10-03,49.13,49.81,46.91,47.89,47.89,766300
670,2022-10-04,49.49,52.2,49.36,51.6,51.6,988400
671,2022-10-05,50.68,51.28,48.54,50.95,50.95,640100
672,2022-10-06,50.95,52.07,50.25,51.34,51.34,465500
673,2022-10-07,49.52,49.64,47.31,47.75,47.75,827100
674,2022-10-10,47.54,47.84,46.26,46.67,46.67,616900
675,2022-10-11,46.89,48.69,44.84,46.57,46.57,820700
676,2022-10-12,46.63,48.47,45.89,48.22,48.22,505400
677,2022-10-13,45.57,49.89,45.11,49.0,49.0,696200
678,2022-10-14,49.87,50.86,45.35,45.47,45.47,650400
679,2022-10-17,46.83,48.39,46.44,48.17,48.17,582900
680,2022-10-18,50.04,51.0,46.25,48.05,48.05,726600
681,2022-10-19,47.14,47.28,43.92,44.85,44.85,1122000
682,2022-10-20,44.56,46.37,43.38,43.85,43.85,593500
683,2022-10-21,44.27,45.06,42.76,44.96,44.96,903600
684,2022-10-24,44.68,45.38,41.42,43.55,43.55,935600
685,2022-10-25,44.25,47.95,44.115,46.74,46.74,1059600
686,2022-10-26,46.49,50.5,46.49,47.55,47.55,718800
687,2022-10-27,48.32,48.32,46.12,46.31,46.31,525800
688,2022-10-28,45.96,48.88,45.82,48.74,48.74,1024000
689,2022-10-31,47.97,48.45,44.01,44.06,44.06,1193500
690,2022-11-01,45.49,46.13,43.5,44.36,44.36,581500
691,2022-11-02,44.23,47.63,43.4,43.6,43.6,865200
692,2022-11-03,42.61,45.49,41.85,44.01,44.01,829600
693,2022-11-04,45.42,45.49,41.31,42.8,42.8,751000
694,2022-11-07,39.0,39.52,34.711,37.91,37.91,1873900
695,2022-11-08,38.04,39.69,37.769,38.39,38.39,950300
696,2022-11-09,37.95,39.07,37.34,37.88,37.88,825600
697,2022-11-10,41.6,44.36,40.06,44.16,44.16,1413700
698,2022-11-11,43.52,51.18,43.39,50.93,50.93,1880300
699,2022-11-14,50.93,53.6,49.73,49.74,49.74,1147500
700,2022-11-15,53.165,54.29,48.21,49.18,49.18,860970
